UF,Ano,Produto,Valor,PIB_Per_Capita_UF_Mean
Rondônia,2010,Soja,4370.861069626262,11860.909423076924
Rondônia,2010,Milho,9556.428757689246,11860.909423076924
Rondônia,2010,Algodão,7587.945476302646,11860.909423076924
Rondônia,2011,Soja,6387.926357773329,13191.444807692307
Rondônia,2011,Milho,2404.1677639819286,13191.444807692307
Rondônia,2011,Algodão,2403.950683025824,13191.444807692307
Rondônia,2012,Soja,1522.752509513795,14850.154807692308
Rondônia,2012,Milho,8795.585311974417,14850.154807692308
Rondônia,2012,Algodão,6410.035105688879,14850.154807692308
Rondônia,2013,Soja,7372.653200164409,14604.197307692308
Rondônia,2013,Milho,1185.260448662222,14604.197307692308
Rondônia,2013,Algodão,9729.18866945795,14604.197307692308
Rondônia,2014,Soja,8491.983767203796,15857.446346153843
Rondônia,2014,Milho,2911.051996104485,15857.446346153843
Rondônia,2014,Algodão,2636.4247048639054,15857.446346153843
Rondônia,2015,Soja,2650.6405886809043,16845.555192307693
Rondônia,2015,Milho,3738.18018663584,16845.555192307693
Rondônia,2015,Algodão,5722.807884690141,16845.555192307693
Rondônia,2016,Soja,4887.505167779042,18359.096538461537
Rondônia,2016,Milho,3621.0622617823774,18359.096538461537
Rondônia,2016,Algodão,6506.676052501415,18359.096538461537
Rondônia,2017,Soja,2255.4447458683767,20246.616346153845
Rondônia,2017,Milho,3629.3018368169633,20246.616346153845
Rondônia,2017,Algodão,4297.256589643225,20246.616346153845
Rondônia,2018,Soja,5104.629857953323,22405.380961538463
Rondônia,2018,Milho,8066.583652537122,22405.380961538463
Rondônia,2018,Algodão,2797.0640394252378,22405.380961538463
Rondônia,2019,Soja,5628.109945722505,22967.76923076923
Rondônia,2019,Milho,6331.731119758382,22967.76923076923
Rondônia,2019,Algodão,1418.0537144799796,22967.76923076923
Rondônia,2020,Soja,6467.903667112945,25282.542884615385
Rondônia,2020,Milho,2534.717113185624,25282.542884615385
Rondônia,2020,Algodão,1585.4643368675156,25282.542884615385
Rondônia,2021,Soja,9539.96983528,32001.799230769233
Rondônia,2021,Milho,9690.688297671037,32001.799230769233
Rondônia,2021,Algodão,8275.576133048151,32001.799230769233
Acre,2010,Soja,3741.523922560336,8344.135909090908
Acre,2010,Milho,1879.0490260574547,8344.135909090908
Acre,2010,Algodão,7158.097238609412,8344.135909090908
Acre,2011,Soja,4961.372443656412,8839.503636363637
Acre,2011,Milho,2098.3441136030096,8839.503636363637
Acre,2011,Algodão,5456.592191001431,8839.503636363637
Acre,2012,Soja,1309.4966900369654,9767.011363636364
Acre,2012,Milho,9183.883618709038,9767.011363636364
Acre,2012,Algodão,3329.0198344001524,9767.011363636364
Acre,2013,Soja,6962.700559185838,11450.978636363636
Acre,2013,Milho,3805.3996848046986,11450.978636363636
Acre,2013,Algodão,5680.612190600297,11450.978636363636
Acre,2014,Soja,5920.392514089517,12588.272272727272
Acre,2014,Milho,2663.6900997297435,12588.272272727272
Acre,2014,Algodão,9726.261649881028,12588.272272727272
Acre,2015,Soja,7976.195410250031,12887.914090909091
Acre,2015,Milho,9455.490474077702,12887.914090909091
Acre,2015,Algodão,9053.44615384884,12887.914090909091
Acre,2016,Soja,6381.099809299766,13696.683181818184
Acre,2016,Milho,9296.868115208052,13696.683181818184
Acre,2016,Algodão,1796.4325184672757,13696.683181818184
Acre,2017,Soja,2763.8457617723066,13956.214090909092
Acre,2017,Milho,1407.0456001948426,13956.214090909092
Acre,2017,Algodão,3927.972976869379,13956.214090909092
Acre,2018,Soja,4498.095607205338,13846.877727272727
Acre,2018,Milho,3442.141285965063,13846.877727272727
Acre,2018,Algodão,8458.637582367364,13846.877727272727
Acre,2019,Soja,4210.779940242303,13784.10590909091
Acre,2019,Milho,3528.4105871864267,13784.10590909091
Acre,2019,Algodão,5884.264748424236,13784.10590909091
Acre,2020,Soja,2268.3180247728637,14380.386818181818
Acre,2020,Milho,8219.772826786357,14380.386818181818
Acre,2020,Algodão,1670.9557931179374,14380.386818181818
Acre,2021,Milho,7950.202923669916,21856.56590909091
Acre,2021,Algodão,2788.4411338075515,21856.56590909091
Amazonas,2010,Soja,1049.6990541124217,5788.65870967742
Amazonas,2010,Milho,8339.152856093508,5788.65870967742
Amazonas,2010,Algodão,7361.716094628554,5788.65870967742
Amazonas,2011,Soja,7561.064512368885,7854.230967741935
Amazonas,2011,Milho,7941.433120173511,7854.230967741935
Amazonas,2011,Algodão,1666.401865606813,7854.230967741935
Amazonas,2012,Soja,4226.191556898453,8190.655322580646
Amazonas,2012,Milho,2042.8215357261672,8190.655322580646
Amazonas,2012,Algodão,8767.930832880342,8190.655322580646
Amazonas,2013,Soja,6609.683141448021,8975.314193548387
Amazonas,2013,Milho,3978.0822236738422,8975.314193548387
Amazonas,2013,Algodão,1572.0251525742128,8975.314193548387
Amazonas,2014,Soja,3798.84089544096,9416.35064516129
Amazonas,2014,Milho,3926.6498982407234,9416.35064516129
Amazonas,2014,Algodão,7566.455605042576,9416.35064516129
Amazonas,2015,Soja,6738.017242196918,9671.050483870968
Amazonas,2015,Milho,8984.914683186938,9671.050483870968
Amazonas,2015,Algodão,5249.934326457544,9671.050483870968
Amazonas,2016,Soja,2076.3482134447154,9664.77758064516
Amazonas,2016,Milho,7419.203085006955,9664.77758064516
Amazonas,2016,Algodão,7847.065437552077,9664.77758064516
Amazonas,2017,Soja,6051.494778125466,10090.680806451612
Amazonas,2017,Milho,7938.704619591049,10090.680806451612
Amazonas,2017,Algodão,5444.160367279516,10090.680806451612
Amazonas,2018,Soja,5704.595464437946,10992.52306451613
Amazonas,2018,Milho,4847.869165226946,10992.52306451613
Amazonas,2018,Algodão,1228.7721406968567,10992.52306451613
Amazonas,2019,Soja,1971.02284293974,11650.177903225807
Amazonas,2019,Milho,1282.8626711806082,11650.177903225807
Amazonas,2019,Algodão,6727.6937013740235,11650.177903225807
Amazonas,2020,Soja,3829.20382968694,12091.832741935485
Amazonas,2020,Milho,5577.136220482325,12091.832741935485
Amazonas,2020,Algodão,9168.098265334836,12091.832741935485
Amazonas,2021,Soja,3243.6300623398747,13886.720645161293
Amazonas,2021,Milho,4693.446307320668,13886.720645161293
Amazonas,2021,Algodão,7799.960246887438,13886.720645161293
Roraima,2010,Soja,3059.183489424602,9582.176666666666
Roraima,2010,Milho,1692.819188459137,9582.176666666666
Roraima,2010,Algodão,3607.763076223912,9582.176666666666
Roraima,2011,Soja,2450.99158528604,10809.637333333334
Roraima,2011,Milho,9367.278871083156,10809.637333333334
Roraima,2011,Algodão,8273.083416079753,10809.637333333334
Roraima,2012,Soja,6700.633808593811,11307.599333333334
Roraima,2012,Milho,8843.145311689459,11307.599333333334
Roraima,2012,Algodão,8233.04869209203,11307.599333333334
Roraima,2013,Soja,2679.1305299743226,13278.508
Roraima,2013,Milho,9033.0309864098,13278.508
Roraima,2013,Algodão,5854.080177240857,13278.508
Roraima,2014,Soja,8266.961396476563,13570.622
Roraima,2014,Milho,9064.821699311438,13570.622
Roraima,2014,Algodão,3862.031274746774,13570.622
Roraima,2015,Soja,1990.4673207490907,14708.009333333332
Roraima,2015,Milho,3051.416462877475,14708.009333333332
Roraima,2015,Algodão,4843.9700976363065,14708.009333333332
Roraima,2016,Soja,8362.132893302438,15798.099333333334
Roraima,2016,Milho,8746.57524930709,15798.099333333334
Roraima,2016,Algodão,1062.5691747807164,15798.099333333334
Roraima,2017,Soja,5596.725723198091,17022.516666666666
Roraima,2017,Milho,4756.6990283390105,17022.516666666666
Roraima,2017,Algodão,2998.970294236572,17022.516666666666
Roraima,2018,Soja,2078.7883060031454,17192.096666666668
Roraima,2018,Milho,4038.536542632651,17192.096666666668
Roraima,2018,Algodão,9486.187335212671,17192.096666666668
Roraima,2019,Soja,3908.826388186797,18128.974
Roraima,2019,Milho,5669.115595690295,18128.974
Roraima,2019,Algodão,7327.1706300566,18128.974
Roraima,2020,Soja,4272.666421413646,20750.03
Roraima,2020,Milho,9746.038744488646,20750.03
Roraima,2020,Algodão,9662.025654479,20750.03
Roraima,2021,Soja,3266.0406624282773,22928.893999999997
Roraima,2021,Milho,5475.236553031469,22928.893999999997
Roraima,2021,Algodão,3707.904788350927,22928.893999999997
Pará,2010,Soja,3563.5644493972086,7716.04027972028
Pará,2010,Milho,1331.9825261907952,7716.04027972028
Pará,2010,Algodão,6486.079005819071,7716.04027972028
Pará,2011,Soja,5524.1112090597535,9022.33986013986
Pará,2011,Milho,1463.308761249904,9022.33986013986
Pará,2011,Algodão,3507.818178129503,9022.33986013986
Pará,2012,Soja,9174.392973699883,9500.052167832167
Pará,2012,Milho,3156.057016002752,9500.052167832167
Pará,2012,Algodão,2304.0538488210077,9500.052167832167
Pará,2013,Soja,5405.0748424980675,11151.731666666668
Pará,2013,Milho,9870.854086995409,11151.731666666668
Pará,2013,Algodão,3178.4974436035036,11151.731666666668
Pará,2014,Soja,7049.219926652907,11400.076458333331
Pará,2014,Milho,7854.576537958458,11400.076458333331
Pará,2014,Algodão,3138.737895931597,11400.076458333331
Pará,2015,Soja,7553.947137506736,12515.530972222225
Pará,2015,Milho,4310.048194473279,12515.530972222225
Pará,2015,Algodão,6690.752475342215,12515.530972222225
Pará,2016,Soja,6701.767396848052,13441.194861111111
Pará,2016,Milho,5821.972156672827,13441.194861111111
Pará,2016,Algodão,1812.6079304896748,13441.194861111111
Pará,2017,Soja,8517.72246030314,15712.04375
Pará,2017,Milho,3887.0205847456223,15712.04375
Pará,2017,Algodão,2678.666593598688,15712.04375
Pará,2018,Soja,1366.9762739928751,16905.37736111111
Pará,2018,Milho,6318.036488694176,16905.37736111111
Pará,2018,Algodão,7098.079256580541,16905.37736111111
Pará,2019,Soja,1149.2904603507054,18089.04305555556
Pará,2019,Milho,5608.837524693528,18089.04305555556
Pará,2019,Algodão,3038.4619767814415,18089.04305555556
Pará,2020,Soja,6806.555113685049,22180.030347222222
Pará,2020,Milho,2569.297861044923,22180.030347222222
Pará,2020,Algodão,7218.439642922193,22180.030347222222
Pará,2021,Soja,4480.618116704837,28067.05215277778
Pará,2021,Milho,9430.56989863061,28067.05215277778
Pará,2021,Algodão,2237.6884973139395,28067.05215277778
Amapá,2010,Soja,4069.597159452326,10136.11875
Amapá,2010,Milho,2021.2616911653015,10136.11875
Amapá,2010,Algodão,9322.242564507063,10136.11875
Amapá,2011,Soja,8896.05418042883,11626.623125
Amapá,2011,Milho,3321.4746494364003,11626.623125
Amapá,2011,Algodão,6939.856414307611,11626.623125
Amapá,2012,Soja,8354.999801810942,13059.079375
Amapá,2012,Milho,5996.807304395161,13059.079375
Amapá,2012,Algodão,5766.855205204059,13059.079375
Amapá,2013,Soja,3176.670618104065,14947.82875
Amapá,2013,Milho,1837.924910253093,14947.82875
Amapá,2013,Algodão,9074.94182157994,14947.82875
Amapá,2014,Soja,9103.762514469974,14764.64125
Amapá,2014,Milho,6697.9131154594115,14764.64125
Amapá,2014,Algodão,4051.2681194383063,14764.64125
Amapá,2015,Soja,4142.886171513948,16039.2775
Amapá,2015,Milho,7533.601109832154,16039.2775
Amapá,2015,Algodão,9073.992339573191,16039.2775
Amapá,2016,Soja,8983.777818386056,16830.72375
Amapá,2016,Milho,8018.879912718615,16830.72375
Amapá,2016,Algodão,6778.28481538859,16830.72375
Amapá,2017,Soja,1757.2596849554395,18559.93625
Amapá,2017,Milho,2454.658426851524,18559.93625
Amapá,2017,Algodão,9086.987696743714,18559.93625
Amapá,2018,Soja,6457.86153693631,18796.7725
Amapá,2018,Milho,1082.7734645496669,18796.7725
Amapá,2018,Algodão,1913.2438857942889,18796.7725
Amapá,2019,Soja,6971.515921972502,18868.091875
Amapá,2019,Milho,1045.554254615968,18868.091875
Amapá,2019,Algodão,2447.272462757488,18868.091875
Amapá,2020,Soja,5938.604104299275,20283.941875
Amapá,2020,Milho,7227.056779234239,20283.941875
Amapá,2020,Algodão,6867.651335523405,20283.941875
Amapá,2021,Soja,3018.423785145038,21232.280625
Amapá,2021,Milho,7409.6129921278225,21232.280625
Amapá,2021,Algodão,3135.2417874712005,21232.280625
Tocantins,2010,Soja,3928.5972834334098,9386.658992805756
Tocantins,2010,Milho,7718.422646062218,9386.658992805756
Tocantins,2010,Algodão,6846.696091424932,9386.658992805756
Tocantins,2011,Soja,8643.010694447601,10766.188705035973
Tocantins,2011,Milho,6918.51603070309,10766.188705035973
Tocantins,2011,Algodão,6114.777430019245,10766.188705035973
Tocantins,2012,Soja,1843.0729104528325,11947.819424460433
Tocantins,2012,Milho,4309.442227534902,11947.819424460433
Tocantins,2012,Algodão,3386.821309135529,11947.819424460433
Tocantins,2013,Soja,3195.9067904117524,13446.687913669064
Tocantins,2013,Milho,9757.09499277201,13446.687913669064
Tocantins,2013,Algodão,4537.879522000843,13446.687913669064
Tocantins,2014,Soja,9028.41899659402,14621.403956834532
Tocantins,2014,Milho,6680.247633975366,14621.403956834532
Tocantins,2014,Algodão,8153.301731874836,14621.403956834532
Tocantins,2015,Soja,5523.733837946729,15541.477913669069
Tocantins,2015,Milho,6192.134961637232,15541.477913669069
Tocantins,2015,Algodão,5432.6592443697755,15541.477913669069
Tocantins,2016,Soja,2757.1868901824005,16477.289136690648
Tocantins,2016,Milho,7502.069037353548,16477.289136690648
Tocantins,2016,Algodão,3526.951261967702,16477.289136690648
Tocantins,2017,Soja,1218.8436978830846,18078.41050359712
Tocantins,2017,Milho,6809.25066316451,18078.41050359712
Tocantins,2017,Algodão,2593.9961146634405,18078.41050359712
Tocantins,2018,Soja,9464.127259176228,18966.75525179856
Tocantins,2018,Milho,9585.357193023288,18966.75525179856
Tocantins,2018,Algodão,9233.779511984038,18966.75525179856
Tocantins,2019,Soja,4331.428302298999,20793.99928057554
Tocantins,2019,Milho,1139.1095487598068,20793.99928057554
Tocantins,2019,Algodão,9354.867063289528,20793.99928057554
Tocantins,2020,Soja,4853.657334855829,25563.35
Tocantins,2020,Milho,9699.893371393026,25563.35
Tocantins,2020,Algodão,9672.579793803276,25563.35
Tocantins,2021,Soja,8677.08509920624,32984.25517985611
Tocantins,2021,Milho,3650.040028626271,32984.25517985611
Tocantins,2021,Algodão,4465.879557417327,32984.25517985611
Maranhão,2010,Soja,8660.230043651713,4545.537741935484
Maranhão,2010,Milho,3852.298046406499,4545.537741935484
Maranhão,2010,Algodão,2525.4347201748324,4545.537741935484
Maranhão,2011,Soja,6011.211362125151,5293.010599078341
Maranhão,2011,Milho,9425.39296744703,5293.010599078341
Maranhão,2011,Algodão,7264.268170074757,5293.010599078341
Maranhão,2012,Soja,6130.550530804285,6038.415391705069
Maranhão,2012,Milho,1874.5884439369167,6038.415391705069
Maranhão,2012,Algodão,6535.065040292528,6038.415391705069
Maranhão,2013,Milho,2260.756137128716,7268.155161290322
Maranhão,2013,Algodão,5664.96687127363,7268.155161290322
Maranhão,2014,Soja,8896.357647351599,7811.745622119816
Maranhão,2014,Milho,7666.91755978784,7811.745622119816
Maranhão,2014,Algodão,7273.141668957412,7811.745622119816
Maranhão,2015,Soja,7322.356755883983,8193.781797235022
Maranhão,2015,Milho,4235.420360977797,8193.781797235022
Maranhão,2015,Algodão,3642.32659838044,8193.781797235022
Maranhão,2016,Soja,8284.250399306622,8764.456405529954
Maranhão,2016,Milho,8291.020552112626,8764.456405529954
Maranhão,2016,Algodão,8803.650867220933,8764.456405529954
Maranhão,2017,Soja,9219.16497300824,9520.569769585252
Maranhão,2017,Milho,5602.08158974844,9520.569769585252
Maranhão,2017,Algodão,5513.646652184796,9520.569769585252
Maranhão,2018,Soja,8184.656610700977,10228.230230414749
Maranhão,2018,Milho,6849.675376999887,10228.230230414749
Maranhão,2018,Algodão,7317.70189531933,10228.230230414749
Maranhão,2019,Soja,8162.13402492491,10271.99866359447
Maranhão,2019,Milho,9010.048076358096,10271.99866359447
Maranhão,2019,Algodão,4041.956411663822,10271.99866359447
Maranhão,2020,Soja,4380.246573759496,12462.313502304149
Maranhão,2020,Milho,1845.837458567821,12462.313502304149
Maranhão,2020,Algodão,6204.5212689655655,12462.313502304149
Maranhão,2021,Soja,1323.4804641706787,15084.364331797236
Maranhão,2021,Milho,5190.382163192141,15084.364331797236
Maranhão,2021,Algodão,5883.801712368189,15084.364331797236
Piauí,2010,Soja,3578.8712691545597,4533.857901785715
Piauí,2010,Milho,6317.499345121097,4533.857901785715
Piauí,2010,Algodão,1274.5022494514449,4533.857901785715
Piauí,2011,Soja,1336.1336987429297,5426.142187500001
Piauí,2011,Milho,8403.405045936925,5426.142187500001
Piauí,2011,Algodão,4241.715772701366,5426.142187500001
Piauí,2012,Soja,2143.544613866963,5895.593169642858
Piauí,2012,Milho,5700.189340493239,5895.593169642858
Piauí,2012,Algodão,7929.941977887497,5895.593169642858
Piauí,2013,Soja,2942.3892474715885,6211.791651785715
Piauí,2013,Milho,6606.014282371002,6211.791651785715
Piauí,2013,Algodão,1768.127184943912,6211.791651785715
Piauí,2014,Soja,1465.1354905174692,7526.114285714286
Piauí,2014,Milho,5782.191684113332,7526.114285714286
Piauí,2014,Algodão,5865.716094490958,7526.114285714286
Piauí,2015,Soja,6736.869113483859,8037.804821428572
Piauí,2015,Milho,7534.822003503954,8037.804821428572
Piauí,2015,Algodão,9782.668715162812,8037.804821428572
Piauí,2016,Soja,5646.703134710758,8158.750089285714
Piauí,2016,Milho,3906.6082564712137,8158.750089285714
Piauí,2016,Algodão,8156.675752918333,8158.750089285714
Piauí,2017,Soja,3437.490261358668,9978.476205357145
Piauí,2017,Milho,4950.742786350725,9978.476205357145
Piauí,2017,Algodão,1706.1074320803937,9978.476205357145
Piauí,2018,Soja,1228.1566907391175,11167.43142857143
Piauí,2018,Milho,9663.835732101326,11167.43142857143
Piauí,2018,Algodão,8523.821084609852,11167.43142857143
Piauí,2019,Soja,7263.767854843281,11626.451116071428
Piauí,2019,Milho,4680.576499728429,11626.451116071428
Piauí,2019,Algodão,2559.648880637612,11626.451116071428
Piauí,2020,Soja,2407.9333840397744,13502.639598214286
Piauí,2020,Milho,3252.186083481358,13502.639598214286
Piauí,2020,Algodão,5943.039982355084,13502.639598214286
Piauí,2021,Soja,7431.363304300561,15524.393526785714
Piauí,2021,Milho,6941.776390459581,15524.393526785714
Piauí,2021,Algodão,3519.4050725134857,15524.393526785714
Ceará,2010,Soja,9593.787525968746,5384.548260869566
Ceará,2010,Milho,7641.072250261916,5384.548260869566
Ceará,2010,Algodão,5989.186472602606,5384.548260869566
Ceará,2011,Soja,6505.486716109171,6224.606413043479
Ceará,2011,Milho,4776.40056185011,6224.606413043479
Ceará,2011,Algodão,3229.578905510418,6224.606413043479
Ceará,2012,Soja,4203.754107861354,6334.636739130435
Ceará,2012,Milho,7820.614994179322,6334.636739130435
Ceará,2012,Algodão,1129.5413976678028,6334.636739130435
Ceará,2013,Soja,2044.653764562246,7157.3596739130435
Ceará,2013,Milho,1414.0237781957746,7157.3596739130435
Ceará,2013,Algodão,1366.5592208707312,7157.3596739130435
Ceará,2014,Soja,8699.145256099066,8530.295869565218
Ceará,2014,Milho,7332.920734420213,8530.295869565218
Ceará,2014,Algodão,5267.564461785927,8530.295869565218
Ceará,2015,Soja,1880.5074458590136,8844.048532608695
Ceará,2015,Milho,5424.5428760514915,8844.048532608695
Ceará,2015,Algodão,5261.245937025091,8844.048532608695
Ceará,2016,Soja,2558.816829190137,9464.917826086956
Ceará,2016,Milho,4904.664843141757,9464.917826086956
Ceará,2016,Algodão,4586.5426095763605,9464.917826086956
Ceará,2017,Soja,6542.650882469949,10654.40625
Ceará,2017,Milho,6715.842857808794,10654.40625
Ceará,2017,Algodão,1407.7360879484006,10654.40625
Ceará,2018,Soja,4371.513531638241,10929.575869565217
Ceará,2018,Milho,6632.739241428128,10929.575869565217
Ceará,2018,Algodão,5528.226327220789,10929.575869565217
Ceará,2019,Soja,8708.4085706949,11617.09152173913
Ceará,2019,Milho,6928.242684570505,11617.09152173913
Ceará,2019,Algodão,2466.409843732867,11617.09152173913
Ceará,2020,Soja,1635.1187266038685,12531.2975
Ceará,2020,Milho,6781.773503856841,12531.2975
Ceará,2020,Algodão,1238.6017948745964,12531.2975
Ceará,2021,Soja,6271.98023146117,14388.405326086957
Ceará,2021,Milho,9462.07217282462,14388.405326086957
Ceará,2021,Algodão,6179.26760088291,14388.405326086957
Rio Grande Do Norte,2010,Soja,4493.529335858697,7234.383892215569
Rio Grande Do Norte,2010,Milho,6789.593965981178,7234.383892215569
Rio Grande Do Norte,2010,Algodão,5124.27601442365,7234.383892215569
Rio Grande Do Norte,2011,Soja,5910.551103843414,8332.04389221557
Rio Grande Do Norte,2011,Milho,9473.183278988728,8332.04389221557
Rio Grande Do Norte,2011,Algodão,4474.923740206968,8332.04389221557
Rio Grande Do Norte,2012,Soja,9650.715074415228,9339.368562874251
Rio Grande Do Norte,2012,Milho,9148.155777604574,9339.368562874251
Rio Grande Do Norte,2012,Algodão,2762.120213103668,9339.368562874251
Rio Grande Do Norte,2013,Soja,1624.251707876489,9787.977185628744
Rio Grande Do Norte,2013,Milho,1907.00201239684,9787.977185628744
Rio Grande Do Norte,2013,Algodão,1163.9964308639476,9787.977185628744
Rio Grande Do Norte,2014,Soja,1849.9866468033556,10672.531796407186
Rio Grande Do Norte,2014,Milho,7147.0609607472115,10672.531796407186
Rio Grande Do Norte,2014,Algodão,1640.6978361420609,10672.531796407186
Rio Grande Do Norte,2015,Soja,3870.780672643851,11357.643532934131
Rio Grande Do Norte,2015,Milho,8603.87779872509,11357.643532934131
Rio Grande Do Norte,2015,Algodão,1209.4474216224328,11357.643532934131
Rio Grande Do Norte,2016,Soja,8330.216343300423,12035.646586826348
Rio Grande Do Norte,2016,Milho,3536.6929729605995,12035.646586826348
Rio Grande Do Norte,2016,Algodão,2063.4834485949063,12035.646586826348
Rio Grande Do Norte,2017,Soja,7270.634488277356,13802.26508982036
Rio Grande Do Norte,2017,Milho,6660.4856210189555,13802.26508982036
Rio Grande Do Norte,2017,Algodão,8897.248121743476,13802.26508982036
Rio Grande Do Norte,2018,Soja,7615.639394234972,14807.368143712574
Rio Grande Do Norte,2018,Milho,8231.328373463637,14807.368143712574
Rio Grande Do Norte,2018,Algodão,3538.3111531417585,14807.368143712574
Rio Grande Do Norte,2019,Soja,2596.955894017505,16052.209640718562
Rio Grande Do Norte,2019,Milho,7755.532764767725,16052.209640718562
Rio Grande Do Norte,2019,Algodão,8261.512653405376,16052.209640718562
Rio Grande Do Norte,2020,Milho,4713.559092202839,17177.575449101798
Rio Grande Do Norte,2020,Algodão,4348.162772135049,17177.575449101798
Rio Grande Do Norte,2021,Soja,7987.716646677972,19901.11407185629
Rio Grande Do Norte,2021,Milho,4067.23186227716,19901.11407185629
Rio Grande Do Norte,2021,Algodão,9376.815930432083,19901.11407185629
Paraíba,2010,Soja,8725.714766587107,5565.353452914798
Paraíba,2010,Milho,4860.946246375165,5565.353452914798
Paraíba,2010,Algodão,7757.839610123477,5565.353452914798
Paraíba,2011,Soja,7790.885866762141,6178.115560538116
Paraíba,2011,Milho,1928.1148195233936,6178.115560538116
Paraíba,2011,Algodão,9122.9761601161,6178.115560538116
Paraíba,2012,Soja,5547.271352030714,6753.348385650224
Paraíba,2012,Milho,8438.117194969675,6753.348385650224
Paraíba,2012,Algodão,3880.4464092755056,6753.348385650224
Paraíba,2013,Soja,9059.709056465805,7452.911255605381
Paraíba,2013,Milho,4502.815108607468,7452.911255605381
Paraíba,2013,Algodão,1097.5388633226853,7452.911255605381
Paraíba,2014,Soja,9148.437787773371,8283.032914798207
Paraíba,2014,Milho,1821.580091075202,8283.032914798207
Paraíba,2014,Algodão,3873.8227383137337,8283.032914798207
Paraíba,2015,Soja,9550.557703457243,8892.940807174888
Paraíba,2015,Milho,9555.464322438003,8892.940807174888
Paraíba,2015,Algodão,6160.940993109575,8892.940807174888
Paraíba,2016,Soja,6686.534909528194,9491.392959641254
Paraíba,2016,Milho,5036.009697804878,9491.392959641254
Paraíba,2016,Algodão,3638.896945282581,9491.392959641254
Paraíba,2017,Soja,3957.980908329243,10017.713901345292
Paraíba,2017,Milho,7052.666104693346,10017.713901345292
Paraíba,2017,Algodão,7771.37076493912,10017.713901345292
Paraíba,2018,Soja,8124.211393532637,10562.561479820628
Paraíba,2018,Milho,8106.563285150985,10562.561479820628
Paraíba,2018,Algodão,1820.8549274382133,10562.561479820628
Paraíba,2019,Soja,5449.782742323233,10953.086950672649
Paraíba,2019,Milho,1518.0288401497985,10953.086950672649
Paraíba,2019,Algodão,5945.75994091362,10953.086950672649
Paraíba,2020,Soja,4973.774512360393,11697.432645739911
Paraíba,2020,Milho,8989.337644824698,11697.432645739911
Paraíba,2020,Algodão,4158.235112968709,11697.432645739911
Paraíba,2021,Soja,2053.603147848453,13090.917533632286
Paraíba,2021,Milho,2286.9251384755225,13090.917533632286
Paraíba,2021,Algodão,7853.595685457251,13090.917533632286
Pernambuco,2010,Soja,6563.96256984635,6606.934486486487
Pernambuco,2010,Milho,1910.1040851051123,6606.934486486487
Pernambuco,2010,Algodão,1756.9612550349768,6606.934486486487
Pernambuco,2011,Soja,7308.72218313208,7371.275837837838
Pernambuco,2011,Milho,1654.8670572777417,7371.275837837838
Pernambuco,2011,Algodão,8396.740533613205,7371.275837837838
Pernambuco,2012,Soja,7356.180044408466,8266.456594594594
Pernambuco,2012,Milho,1732.139025777098,8266.456594594594
Pernambuco,2012,Algodão,1763.5394267667273,8266.456594594594
Pernambuco,2013,Milho,4368.437161805083,8710.865027027026
Pernambuco,2013,Algodão,4335.779323602018,8710.865027027026
Pernambuco,2014,Soja,8315.196105317524,9699.12583783784
Pernambuco,2014,Milho,9525.23719645473,9699.12583783784
Pernambuco,2014,Algodão,9874.009574405838,9699.12583783784
Pernambuco,2015,Soja,7780.403667330475,10162.70091891892
Pernambuco,2015,Milho,4386.336269778242,10162.70091891892
Pernambuco,2015,Algodão,1751.5064502880189,10162.70091891892
Pernambuco,2016,Soja,7994.322243346931,11130.258594594596
Pernambuco,2016,Milho,6025.638247622245,11130.258594594596
Pernambuco,2016,Algodão,4817.998083222787,11130.258594594596
Pernambuco,2017,Soja,9157.189465852623,12171.720432432432
Pernambuco,2017,Milho,2000.777340755362,12171.720432432432
Pernambuco,2017,Algodão,5433.625938617733,12171.720432432432
Pernambuco,2018,Soja,1102.1828029067717,12620.83037837838
Pernambuco,2018,Milho,5217.945777947137,12620.83037837838
Pernambuco,2018,Algodão,1506.7294811365362,12620.83037837838
Pernambuco,2019,Soja,2069.3612464126472,13447.349945945947
Pernambuco,2019,Milho,2057.736220993944,13447.349945945947
Pernambuco,2019,Algodão,6842.892719044572,13447.349945945947
Pernambuco,2020,Soja,7714.40391338881,13585.922054054054
Pernambuco,2020,Milho,6250.318885874437,13585.922054054054
Pernambuco,2020,Algodão,9659.552936270877,13585.922054054054
Pernambuco,2021,Soja,4373.835215713337,15401.282162162162
Pernambuco,2021,Milho,3571.4087765367467,15401.282162162162
Pernambuco,2021,Algodão,8817.392153705143,15401.282162162162
Alagoas,2010,Soja,3012.3625466750736,5980.695
Alagoas,2010,Milho,9669.002854965502,5980.695
Alagoas,2010,Algodão,1109.3902722083471,5980.695
Alagoas,2011,Soja,9728.90944036875,6936.887352941177
Alagoas,2011,Milho,1388.439207555185,6936.887352941177
Alagoas,2011,Algodão,9020.28802328264,6936.887352941177
Alagoas,2012,Soja,5749.309981776699,7415.847450980392
Alagoas,2012,Algodão,1664.1690826185898,7415.847450980392
Alagoas,2013,Soja,5984.688559611887,7931.147745098038
Alagoas,2013,Milho,9723.722820571891,7931.147745098038
Alagoas,2013,Algodão,5707.880597531339,7931.147745098038
Alagoas,2014,Soja,6664.587743217363,8597.365294117648
Alagoas,2014,Milho,7261.738200861554,8597.365294117648
Alagoas,2014,Algodão,5090.869582909959,8597.365294117648
Alagoas,2015,Soja,6648.022720756571,9637.572450980391
Alagoas,2015,Milho,6258.828807307902,9637.572450980391
Alagoas,2015,Algodão,9110.4220944189,9637.572450980391
Alagoas,2016,Soja,1409.0174230731209,11188.969215686277
Alagoas,2016,Milho,3528.668706330073,11188.969215686277
Alagoas,2016,Algodão,9553.703356689028,11188.969215686277
Alagoas,2017,Soja,9012.374055018248,12733.47637254902
Alagoas,2017,Milho,5100.9107750714165,12733.47637254902
Alagoas,2017,Algodão,6581.193380213831,12733.47637254902
Alagoas,2018,Soja,3496.4306468301943,13414.801862745098
Alagoas,2018,Milho,2693.0904375138516,13414.801862745098
Alagoas,2018,Algodão,5173.285644459839,13414.801862745098
Alagoas,2019,Soja,4180.170052234475,14556.663725490196
Alagoas,2019,Milho,6252.905006657848,14556.663725490196
Alagoas,2019,Algodão,1699.6117326848637,14556.663725490196
Alagoas,2020,Soja,9769.553268995498,16850.66245098039
Alagoas,2020,Milho,9875.896700316423,16850.66245098039
Alagoas,2020,Algodão,7283.455426177707,16850.66245098039
Alagoas,2021,Soja,5824.867297097084,20479.479705882353
Alagoas,2021,Milho,3785.7485465769496,20479.479705882353
Alagoas,2021,Algodão,8324.155177362538,20479.479705882353
Sergipe,2010,Soja,7162.580552984913,11049.777066666667
Sergipe,2010,Milho,2463.5524541040218,11049.777066666667
Sergipe,2010,Algodão,9198.344660444582,11049.777066666667
Sergipe,2011,Soja,8402.83518630852,11871.083466666669
Sergipe,2011,Milho,9548.199219627317,11871.083466666669
Sergipe,2011,Algodão,7531.475575495239,11871.083466666669
Sergipe,2012,Soja,6520.736763422109,13120.903066666666
Sergipe,2012,Milho,4764.18732661557,13120.903066666666
Sergipe,2012,Algodão,9394.55635018612,13120.903066666666
Sergipe,2013,Soja,8794.575005503675,13301.309333333333
Sergipe,2013,Milho,1406.9680309557048,13301.309333333333
Sergipe,2013,Algodão,1237.302770475268,13301.309333333333
Sergipe,2014,Soja,4388.170301902446,13924.0104
Sergipe,2014,Milho,8294.979977036495,13924.0104
Sergipe,2015,Soja,2353.7520199317537,13587.255066666668
Sergipe,2015,Milho,6347.176438169216,13587.255066666668
Sergipe,2015,Algodão,4428.017709679194,13587.255066666668
Sergipe,2016,Soja,9729.229580331428,12882.467733333331
Sergipe,2016,Milho,8579.070308221379,12882.467733333331
Sergipe,2016,Algodão,8544.958342400241,12882.467733333331
Sergipe,2017,Soja,5218.238438154733,13768.6316
Sergipe,2017,Milho,4733.375521038986,13768.6316
Sergipe,2017,Algodão,3460.663647376356,13768.6316
Sergipe,2018,Soja,1507.379469858344,13861.9248
Sergipe,2018,Milho,8782.501386295478,13861.9248
Sergipe,2018,Algodão,8316.109082170698,13861.9248
Sergipe,2019,Algodão,5998.885350423647,15273.394666666669
Sergipe,2020,Soja,7920.886736624595,16222.432933333332
Sergipe,2020,Milho,9502.891568941852,16222.432933333332
Sergipe,2020,Algodão,8646.826516096704,16222.432933333332
Sergipe,2021,Soja,3226.132915688779,18745.794133333333
Sergipe,2021,Milho,5054.897217790842,18745.794133333333
Sergipe,2021,Algodão,2162.4347363634547,18745.794133333333
Bahia,2010,Soja,9586.459245328502,6989.947146282973
Bahia,2010,Milho,6455.57171005792,6989.947146282973
Bahia,2010,Algodão,3057.7852495311645,6989.947146282973
Bahia,2011,Soja,7045.30615965271,7591.91479616307
Bahia,2011,Milho,6563.154164121062,7591.91479616307
Bahia,2011,Algodão,4223.464462295565,7591.91479616307
Bahia,2012,Soja,2022.0183297966612,8478.852949640288
Bahia,2012,Milho,7044.158760335196,8478.852949640288
Bahia,2012,Algodão,5682.7693081341395,8478.852949640288
Bahia,2013,Soja,7950.865525620754,8814.840647482013
Bahia,2013,Milho,5681.47151000794,8814.840647482013
Bahia,2013,Algodão,8669.633502866862,8814.840647482013
Bahia,2014,Soja,5967.16154897037,9604.036378896884
Bahia,2014,Milho,6048.441743818476,9604.036378896884
Bahia,2014,Algodão,8889.882423925104,9604.036378896884
Bahia,2015,Soja,4631.345795911573,10726.951606714629
Bahia,2015,Milho,2206.1370560557666,10726.951606714629
Bahia,2015,Algodão,1259.0440868200508,10726.951606714629
Bahia,2016,Soja,7796.235301062571,11139.89350119904
Bahia,2016,Milho,6582.785962181182,11139.89350119904
Bahia,2016,Algodão,7336.717912893012,11139.89350119904
Bahia,2017,Soja,2916.6774535801965,11319.772350119903
Bahia,2017,Milho,2227.343280280928,11319.772350119903
Bahia,2017,Algodão,1130.9019910109373,11319.772350119903
Bahia,2018,Soja,4155.288029259373,12761.127386091128
Bahia,2018,Milho,6309.259181691697,12761.127386091128
Bahia,2018,Algodão,4530.196405897591,12761.127386091128
Bahia,2019,Soja,4937.274298213561,13200.509016786573
Bahia,2019,Milho,9137.428250443736,13200.509016786573
Bahia,2019,Algodão,4134.299203209703,13200.509016786573
Bahia,2020,Soja,5625.905402438297,14720.208633093524
Bahia,2020,Milho,8052.877114670288,14720.208633093524
Bahia,2020,Algodão,4568.885040891431,14720.208633093524
Bahia,2021,Soja,6598.780302050862,17121.082086330935
Bahia,2021,Milho,8761.273378720707,17121.082086330935
Bahia,2021,Algodão,9545.685612918778,17121.082086330935
Minas Gerais,2010,Soja,2323.6613283613415,11266.880785463072
Minas Gerais,2010,Milho,9339.28862645345,11266.880785463072
Minas Gerais,2010,Algodão,5429.046637715844,11266.880785463072
Minas Gerais,2011,Soja,3324.199494690625,13447.944818288392
Minas Gerais,2011,Milho,5132.221806144352,13447.944818288392
Minas Gerais,2011,Algodão,9820.293177569294,13447.944818288392
Minas Gerais,2012,Soja,5433.562845935827,14827.296436107854
Minas Gerais,2012,Milho,3958.764492587574,14827.296436107854
Minas Gerais,2012,Algodão,6700.607688850532,14827.296436107854
Minas Gerais,2013,Soja,3161.310569003738,15296.966834701056
Minas Gerais,2013,Milho,1682.7699529779752,15296.966834701056
Minas Gerais,2013,Algodão,2159.917497195843,15296.966834701056
Minas Gerais,2014,Soja,2152.412550619952,16195.237268464243
Minas Gerais,2014,Milho,2367.1242416106493,16195.237268464243
Minas Gerais,2014,Algodão,2249.444553844691,16195.237268464243
Minas Gerais,2015,Soja,6767.872703228932,16425.13103165299
Minas Gerais,2015,Milho,2636.9207595923035,16425.13103165299
Minas Gerais,2015,Algodão,4111.005549914769,16425.13103165299
Minas Gerais,2016,Soja,9071.095689154106,18009.606201641265
Minas Gerais,2016,Milho,5265.654762365851,18009.606201641265
Minas Gerais,2016,Algodão,7008.019646689245,18009.606201641265
Minas Gerais,2017,Soja,2550.8788408146684,18825.474396248537
Minas Gerais,2017,Milho,2730.601169278037,18825.474396248537
Minas Gerais,2017,Algodão,1367.8175463983098,18825.474396248537
Minas Gerais,2018,Soja,2520.415567649481,19993.182321219225
Minas Gerais,2018,Milho,3507.313051287628,19993.182321219225
Minas Gerais,2018,Algodão,2593.0943584907213,19993.182321219225
Minas Gerais,2019,Soja,1798.3228038135005,21400.022391559203
Minas Gerais,2019,Milho,2085.7228399054075,21400.022391559203
Minas Gerais,2019,Algodão,5147.008912294532,21400.022391559203
Minas Gerais,2020,Soja,2857.0034656521325,23704.499085580304
Minas Gerais,2020,Milho,4278.428749432679,23704.499085580304
Minas Gerais,2020,Algodão,5530.755437693712,23704.499085580304
Minas Gerais,2021,Soja,7213.553457664288,30731.424044548658
Minas Gerais,2021,Milho,1353.8092585698903,30731.424044548658
Minas Gerais,2021,Algodão,8194.693590181383,30731.424044548658
Espírito Santo,2010,Soja,6651.10350541817,19297.53384615385
Espírito Santo,2010,Milho,1735.8312875398472,19297.53384615385
Espírito Santo,2010,Algodão,8862.207616960995,19297.53384615385
Espírito Santo,2011,Soja,9287.85160478632,27980.92653846154
Espírito Santo,2011,Milho,1549.7016386937737,27980.92653846154
Espírito Santo,2011,Algodão,3491.8988333248335,27980.92653846154
Espírito Santo,2012,Soja,8255.811518137552,32518.905256410253
Espírito Santo,2012,Milho,7734.337213452925,32518.905256410253
Espírito Santo,2012,Algodão,2660.689174207396,32518.905256410253
Espírito Santo,2013,Soja,2884.143910030393,30481.91653846154
Espírito Santo,2013,Milho,4334.248925122438,30481.91653846154
Espírito Santo,2013,Algodão,5360.706866719192,30481.91653846154
Espírito Santo,2014,Soja,6564.292943772663,33484.54435897436
Espírito Santo,2014,Milho,4320.2227561279515,33484.54435897436
Espírito Santo,2014,Algodão,5162.812445198331,33484.54435897436
Espírito Santo,2015,Soja,7727.238443203809,27601.92076923077
Espírito Santo,2015,Milho,1330.148826015381,27601.92076923077
Espírito Santo,2015,Algodão,3271.932499096187,27601.92076923077
Espírito Santo,2016,Soja,7420.146272960972,21225.208846153848
Espírito Santo,2016,Milho,9056.861539184794,21225.208846153848
Espírito Santo,2016,Algodão,5605.096979040995,21225.208846153848
Espírito Santo,2017,Soja,5789.021367387841,23689.345
Espírito Santo,2017,Milho,1964.5481020579848,23689.345
Espírito Santo,2017,Algodão,5026.711301411092,23689.345
Espírito Santo,2018,Soja,5793.555398095208,29968.78538461539
Espírito Santo,2018,Milho,3182.2345327125668,29968.78538461539
Espírito Santo,2018,Algodão,3423.189078544429,29968.78538461539
Espírito Santo,2019,Soja,4395.557467941604,29504.870384615388
Espírito Santo,2019,Milho,1180.6407799995372,29504.870384615388
Espírito Santo,2019,Algodão,3898.712490248605,29504.870384615388
Espírito Santo,2020,Soja,2903.0320629689018,27542.75974358974
Espírito Santo,2020,Milho,3947.476169601232,27542.75974358974
Espírito Santo,2020,Algodão,2077.859186373261,27542.75974358974
Espírito Santo,2021,Soja,9014.745526659057,38693.5517948718
Espírito Santo,2021,Milho,6342.3320819864375,38693.5517948718
Espírito Santo,2021,Algodão,7111.920872300407,38693.5517948718
Rio De Janeiro,2010,Soja,8102.541147466045,27848.926630434784
Rio De Janeiro,2010,Milho,5485.979790361515,27848.926630434784
Rio De Janeiro,2010,Algodão,1782.2825927868132,27848.926630434784
Rio De Janeiro,2011,Soja,5833.95887636693,31800.74717391304
Rio De Janeiro,2011,Milho,6281.570062187912,31800.74717391304
Rio De Janeiro,2011,Algodão,7708.95526765897,31800.74717391304
Rio De Janeiro,2012,Soja,4884.935916067115,35136.91195652174
Rio De Janeiro,2012,Milho,2148.222725160074,35136.91195652174
Rio De Janeiro,2012,Algodão,3553.9831521885203,35136.91195652174
Rio De Janeiro,2013,Soja,4267.7406675877155,36712.39141304348
Rio De Janeiro,2013,Milho,6813.255171984411,36712.39141304348
Rio De Janeiro,2013,Algodão,6137.004742020207,36712.39141304348
Rio De Janeiro,2014,Soja,4204.870533080616,38287.76902173913
Rio De Janeiro,2014,Milho,9878.637239136817,38287.76902173913
Rio De Janeiro,2014,Algodão,6451.973374211984,38287.76902173913
Rio De Janeiro,2015,Soja,3135.0411256239504,34164.44619565217
Rio De Janeiro,2015,Milho,1916.0422535836335,34164.44619565217
Rio De Janeiro,2015,Algodão,2375.7322526589883,34164.44619565217
Rio De Janeiro,2016,Soja,3213.6195554605733,30952.26706521739
Rio De Janeiro,2016,Milho,2446.132359336001,30952.26706521739
Rio De Janeiro,2016,Algodão,2679.103216461752,30952.26706521739
Rio De Janeiro,2017,Soja,3565.856518244624,32728.56402173913
Rio De Janeiro,2017,Milho,2560.3623576527934,32728.56402173913
Rio De Janeiro,2017,Algodão,9070.888821637827,32728.56402173913
Rio De Janeiro,2018,Soja,1722.10371095478,37414.85532608696
Rio De Janeiro,2018,Milho,5720.602506132292,37414.85532608696
Rio De Janeiro,2018,Algodão,4693.571442906954,37414.85532608696
Rio De Janeiro,2019,Soja,9841.407552177458,40063.260652173914
Rio De Janeiro,2019,Milho,2008.350119512471,40063.260652173914
Rio De Janeiro,2019,Algodão,4580.700391411675,40063.260652173914
Rio De Janeiro,2020,Soja,9725.23389947832,40442.78239130435
Rio De Janeiro,2020,Milho,8789.564133045822,40442.78239130435
Rio De Janeiro,2020,Algodão,8353.64863854352,40442.78239130435
Rio De Janeiro,2021,Soja,3321.1254434044586,55502.33826086957
Rio De Janeiro,2021,Milho,2537.9882865105924,55502.33826086957
Rio De Janeiro,2021,Algodão,7017.788979319879,55502.33826086957
São Paulo,2010,Soja,9364.383902148273,19402.109937984496
São Paulo,2010,Milho,6010.866037125368,19402.109937984496
São Paulo,2010,Algodão,6144.5142052290985,19402.109937984496
São Paulo,2011,Soja,3519.8118429425576,21173.057875968992
São Paulo,2011,Milho,7925.436398727432,21173.057875968992
São Paulo,2011,Algodão,2683.3937370177105,21173.057875968992
São Paulo,2012,Soja,3913.113127638193,23196.49203100775
São Paulo,2012,Milho,4828.927947547751,23196.49203100775
São Paulo,2012,Algodão,5568.493408160095,23196.49203100775
São Paulo,2013,Soja,3181.687591735722,24827.140542635658
São Paulo,2013,Milho,2033.531422652832,24827.140542635658
São Paulo,2013,Algodão,6495.580381974693,24827.140542635658
São Paulo,2014,Soja,3597.674979162302,27749.13268217054
São Paulo,2014,Milho,6231.143992803511,27749.13268217054
São Paulo,2014,Algodão,2389.2644374678207,27749.13268217054
São Paulo,2015,Soja,5330.260916693357,29887.31893023256
São Paulo,2015,Milho,5793.304892964273,29887.31893023256
São Paulo,2015,Algodão,1466.4118314018422,29887.31893023256
São Paulo,2016,Soja,4029.4385037452857,30923.2663875969
São Paulo,2016,Milho,2209.732092450768,30923.2663875969
São Paulo,2016,Algodão,1570.3747342549098,30923.2663875969
São Paulo,2017,Milho,3901.184604772506,32827.37862015504
São Paulo,2017,Algodão,8288.870012691714,32827.37862015504
São Paulo,2018,Soja,3291.7658928738747,32876.518697674415
São Paulo,2018,Milho,7133.524500015364,32876.518697674415
São Paulo,2018,Algodão,7842.050739007179,32876.518697674415
São Paulo,2019,Soja,6360.748665470598,34568.563116279074
São Paulo,2019,Milho,5244.185696951426,34568.563116279074
São Paulo,2019,Algodão,4706.568227325417,34568.563116279074
São Paulo,2020,Soja,4139.814398886958,38150.30637209302
São Paulo,2020,Milho,9365.762298230433,38150.30637209302
São Paulo,2020,Algodão,8475.574670089562,38150.30637209302
São Paulo,2021,Soja,9685.242195998611,42570.214108527136
São Paulo,2021,Milho,2118.6750113699027,42570.214108527136
São Paulo,2021,Algodão,7577.807276832798,42570.214108527136
Paraná,2010,Soja,9445.06411138934,15077.526892230577
Paraná,2010,Milho,2631.0975954909413,15077.526892230577
Paraná,2010,Algodão,1598.4664063009975,15077.526892230577
Paraná,2011,Soja,7670.085843610532,17571.337819548873
Paraná,2011,Milho,6170.258018619207,17571.337819548873
Paraná,2011,Algodão,8576.458990824449,17571.337819548873
Paraná,2012,Soja,2257.9513896366057,19601.325238095236
Paraná,2012,Milho,8157.4058067390115,19601.325238095236
Paraná,2012,Algodão,2814.645880429701,19601.325238095236
Paraná,2013,Soja,2472.9034857913407,23087.22072681704
Paraná,2013,Milho,2478.3921813789366,23087.22072681704
Paraná,2013,Algodão,8331.172482082438,23087.22072681704
Paraná,2014,Soja,6986.774986265801,23935.09288220551
Paraná,2014,Milho,5707.588822922074,23935.09288220551
Paraná,2014,Algodão,4229.474357111522,23935.09288220551
Paraná,2015,Soja,8894.804867317975,26046.95245614035
Paraná,2015,Milho,4532.005966803718,26046.95245614035
Paraná,2015,Algodão,8349.394955244194,26046.95245614035
Paraná,2016,Soja,4952.214177131966,29181.560451127814
Paraná,2016,Milho,4392.499864824168,29181.560451127814
Paraná,2016,Algodão,5164.118071026458,29181.560451127814
Paraná,2017,Soja,3712.4008674772786,30288.9265914787
Paraná,2017,Milho,7728.48442158626,30288.9265914787
Paraná,2017,Algodão,5524.483510832312,30288.9265914787
Paraná,2018,Soja,3089.914256321356,32248.15506265664
Paraná,2018,Milho,9096.171159471116,32248.15506265664
Paraná,2018,Algodão,4455.020992358903,32248.15506265664
Paraná,2019,Soja,5891.9757500258975,32459.53789473684
Paraná,2019,Milho,9158.248998680923,32459.53789473684
Paraná,2019,Algodão,6618.1419632259285,32459.53789473684
Paraná,2020,Soja,2052.0823663752767,38890.89709273183
Paraná,2020,Milho,9458.489112521276,38890.89709273183
Paraná,2020,Algodão,6649.372477642761,38890.89709273183
Paraná,2021,Soja,4014.150531913775,43081.39468671679
Paraná,2021,Milho,2253.4486539704853,43081.39468671679
Paraná,2021,Algodão,8146.226703432664,43081.39468671679
Santa Catarina,2010,Soja,6580.654803356621,19597.270409556317
Santa Catarina,2010,Milho,5801.149827786894,19597.270409556317
Santa Catarina,2010,Algodão,9045.03324745862,19597.270409556317
Santa Catarina,2011,Soja,8097.374901020777,22224.133447098975
Santa Catarina,2011,Milho,2365.0739175947606,22224.133447098975
Santa Catarina,2011,Algodão,3805.4986101599343,22224.133447098975
Santa Catarina,2012,Soja,3236.4022583301917,24033.031843003413
Santa Catarina,2012,Milho,7695.516633154093,24033.031843003413
Santa Catarina,2012,Algodão,1301.7919126220145,24033.031843003413
Santa Catarina,2013,Soja,6129.0071638418485,27011.340813559324
Santa Catarina,2013,Milho,7862.128171666215,27011.340813559324
Santa Catarina,2013,Algodão,8890.890730855745,27011.340813559324
Santa Catarina,2014,Soja,4078.735738443167,28087.642813559323
Santa Catarina,2014,Milho,8391.315742048117,28087.642813559323
Santa Catarina,2014,Algodão,1995.685632596865,28087.642813559323
Santa Catarina,2015,Soja,8618.070625610664,28646.15996610169
Santa Catarina,2015,Milho,2147.3979609878415,28646.15996610169
Santa Catarina,2015,Algodão,4575.585615043306,28646.15996610169
Santa Catarina,2016,Soja,8175.658292015983,30651.02111864407
Santa Catarina,2016,Milho,2349.256846138964,30651.02111864407
Santa Catarina,2016,Algodão,3063.2625570937735,30651.02111864407
Santa Catarina,2017,Soja,7500.273115537597,32051.094983050847
Santa Catarina,2017,Milho,7480.328828914669,32051.094983050847
Santa Catarina,2017,Algodão,6770.328695967676,32051.094983050847
Santa Catarina,2018,Soja,7245.536000203901,33576.83081355932
Santa Catarina,2018,Milho,5884.519990128366,33576.83081355932
Santa Catarina,2018,Algodão,3266.191530162575,33576.83081355932
Santa Catarina,2019,Soja,4111.263941535275,36228.96559322034
Santa Catarina,2019,Milho,2634.379451212831,36228.96559322034
Santa Catarina,2019,Algodão,9176.055052002655,36228.96559322034
Santa Catarina,2020,Soja,6250.526152895084,40408.37718644067
Santa Catarina,2020,Milho,4607.662750872759,40408.37718644067
Santa Catarina,2020,Algodão,5158.052232797194,40408.37718644067
Santa Catarina,2021,Soja,9525.550056506338,48566.16484745763
Santa Catarina,2021,Milho,2380.1626280447217,48566.16484745763
Santa Catarina,2021,Algodão,6276.068488151175,48566.16484745763
Rio Grande Do Sul,2010,Soja,5552.998109960194,19072.48362903226
Rio Grande Do Sul,2010,Milho,6503.088118911831,19072.48362903226
Rio Grande Do Sul,2010,Algodão,1162.9916543875645,19072.48362903226
Rio Grande Do Sul,2011,Soja,8849.115180497363,21085.31431451613
Rio Grande Do Sul,2011,Milho,9389.064542352511,21085.31431451613
Rio Grande Do Sul,2011,Algodão,6086.198652302881,21085.31431451613
Rio Grande Do Sul,2012,Soja,7269.857414892031,21349.91558467742
Rio Grande Do Sul,2012,Milho,9302.49443059566,21349.91558467742
Rio Grande Do Sul,2012,Algodão,7365.1477088205875,21349.91558467742
Rio Grande Do Sul,2013,Soja,2372.851386228352,26841.392716297785
Rio Grande Do Sul,2013,Milho,6186.595241501319,26841.392716297785
Rio Grande Do Sul,2013,Algodão,6460.435417445703,26841.392716297785
Rio Grande Do Sul,2014,Soja,4817.176041721475,28279.73024144869
Rio Grande Do Sul,2014,Milho,7627.998120622506,28279.73024144869
Rio Grande Do Sul,2014,Algodão,9409.303132921134,28279.73024144869
Rio Grande Do Sul,2015,Soja,9330.116616160987,30934.940442655938
Rio Grande Do Sul,2015,Milho,5057.554342637189,30934.940442655938
Rio Grande Do Sul,2015,Algodão,2019.1424125667972,30934.940442655938
Rio Grande Do Sul,2016,Soja,9863.570790661011,33821.501851106645
Rio Grande Do Sul,2016,Milho,8550.082778013408,33821.501851106645
Rio Grande Do Sul,2016,Algodão,2121.9641308294017,33821.501851106645
Rio Grande Do Sul,2017,Soja,9287.57694355635,33895.83068410463
Rio Grande Do Sul,2017,Milho,8829.067258559155,33895.83068410463
Rio Grande Do Sul,2017,Algodão,5669.542514134649,33895.83068410463
Rio Grande Do Sul,2018,Soja,6321.4789217043635,37783.907927565386
Rio Grande Do Sul,2018,Milho,4591.024334831172,37783.907927565386
Rio Grande Do Sul,2018,Algodão,1492.854749398282,37783.907927565386
Rio Grande Do Sul,2019,Soja,4016.775174813108,39623.28219315896
Rio Grande Do Sul,2019,Milho,8225.681037382103,39623.28219315896
Rio Grande Do Sul,2019,Algodão,1041.6882070414258,39623.28219315896
Rio Grande Do Sul,2020,Soja,4001.4925452202974,40273.67967806841
Rio Grande Do Sul,2020,Milho,4583.51824231849,40273.67967806841
Rio Grande Do Sul,2020,Algodão,5836.560426441306,40273.67967806841
Rio Grande Do Sul,2021,Soja,9278.700547714843,57487.875412474845
Rio Grande Do Sul,2021,Milho,4117.113949293651,57487.875412474845
Rio Grande Do Sul,2021,Algodão,4122.578817066049,57487.875412474845
Mato Grosso Do Sul,2010,Soja,7637.511232987736,19915.6
Mato Grosso Do Sul,2010,Milho,5069.961468008264,19915.6
Mato Grosso Do Sul,2010,Algodão,3021.4434064598377,19915.6
Mato Grosso Do Sul,2011,Soja,5071.955645194241,22288.55987179487
Mato Grosso Do Sul,2011,Milho,2267.7131834181987,22288.55987179487
Mato Grosso Do Sul,2011,Algodão,2587.48287855601,22288.55987179487
Mato Grosso Do Sul,2012,Soja,5485.309954655318,24456.16217948718
Mato Grosso Do Sul,2012,Milho,4770.3290455409315,24456.16217948718
Mato Grosso Do Sul,2012,Algodão,9233.6131096129,24456.16217948718
Mato Grosso Do Sul,2013,Soja,4261.545092049698,27466.87860759494
Mato Grosso Do Sul,2013,Milho,6225.295152502391,27466.87860759494
Mato Grosso Do Sul,2013,Algodão,6690.378591275773,27466.87860759494
Mato Grosso Do Sul,2014,Soja,1117.8501092950028,30558.892405063292
Mato Grosso Do Sul,2014,Milho,6971.836348150396,30558.892405063292
Mato Grosso Do Sul,2014,Algodão,2602.3237018277628,30558.892405063292
Mato Grosso Do Sul,2015,Soja,9649.632857225097,32491.68544303797
Mato Grosso Do Sul,2015,Milho,2337.9645497780166,32491.68544303797
Mato Grosso Do Sul,2015,Algodão,4731.617113543213,32491.68544303797
Mato Grosso Do Sul,2016,Soja,1768.1470127077948,37013.832151898736
Mato Grosso Do Sul,2016,Algodão,5519.755092981183,37013.832151898736
Mato Grosso Do Sul,2017,Soja,6358.465155880394,37694.862278481014
Mato Grosso Do Sul,2017,Milho,1603.6882964958472,37694.862278481014
Mato Grosso Do Sul,2017,Algodão,7749.6442335926,37694.862278481014
Mato Grosso Do Sul,2018,Soja,2889.150337860272,42717.7982278481
Mato Grosso Do Sul,2018,Milho,9082.488604966424,42717.7982278481
Mato Grosso Do Sul,2018,Algodão,2846.2567643380644,42717.7982278481
Mato Grosso Do Sul,2019,Soja,2716.189485972999,41463.97151898734
Mato Grosso Do Sul,2019,Milho,1328.947010632854,41463.97151898734
Mato Grosso Do Sul,2019,Algodão,5248.602505989993,41463.97151898734
Mato Grosso Do Sul,2020,Soja,6083.5701993635475,50453.774303797465
Mato Grosso Do Sul,2020,Milho,1591.3777548551714,50453.774303797465
Mato Grosso Do Sul,2020,Algodão,7979.748550255095,50453.774303797465
Mato Grosso Do Sul,2021,Soja,5079.5995127322485,56857.08708860759
Mato Grosso Do Sul,2021,Milho,5719.51242394822,56857.08708860759
Mato Grosso Do Sul,2021,Algodão,4966.864722444053,56857.08708860759
Mato Grosso,2010,Soja,4606.867547877934,16370.504751773047
Mato Grosso,2010,Milho,6036.762981773961,16370.504751773047
Mato Grosso,2010,Algodão,2397.1622133764126,16370.504751773047
Mato Grosso,2011,Soja,2637.35317445744,21481.792269503545
Mato Grosso,2011,Milho,8756.070589121655,21481.792269503545
Mato Grosso,2011,Algodão,9515.039159202695,21481.792269503545
Mato Grosso,2012,Soja,4359.7838465177765,25324.73425531915
Mato Grosso,2012,Milho,3436.702058291984,25324.73425531915
Mato Grosso,2012,Algodão,6795.9958891511415,25324.73425531915
Mato Grosso,2013,Soja,4678.607539882868,27208.588297872346
Mato Grosso,2013,Milho,1228.4772009431038,27208.588297872346
Mato Grosso,2013,Algodão,2405.373376295713,27208.588297872346
Mato Grosso,2014,Soja,7443.750059626578,29820.166666666668
Mato Grosso,2014,Milho,6930.315477191362,29820.166666666668
Mato Grosso,2014,Algodão,1243.863932531351,29820.166666666668
Mato Grosso,2015,Soja,2997.749457396545,31206.953191489363
Mato Grosso,2015,Milho,3079.6731692926423,31206.953191489363
Mato Grosso,2015,Algodão,7047.034692388555,31206.953191489363
Mato Grosso,2016,Soja,1177.3948397892773,36382.28092198582
Mato Grosso,2016,Milho,1936.977237861165,36382.28092198582
Mato Grosso,2016,Algodão,8199.244768358705,36382.28092198582
Mato Grosso,2017,Soja,2606.9019584890025,36103.340070921986
Mato Grosso,2017,Milho,6874.714970666872,36103.340070921986
Mato Grosso,2017,Algodão,3143.645029420539,36103.340070921986
Mato Grosso,2018,Soja,1894.9725348341065,38239.84744680851
Mato Grosso,2018,Milho,3188.5497189950866,38239.84744680851
Mato Grosso,2018,Algodão,7500.402386700933,38239.84744680851
Mato Grosso,2019,Soja,8701.268212956571,39496.72191489362
Mato Grosso,2019,Milho,8471.978781102924,39496.72191489362
Mato Grosso,2019,Algodão,4574.651766566093,39496.72191489362
Mato Grosso,2020,Soja,7012.766229135816,54188.09858156028
Mato Grosso,2020,Milho,2844.858658742389,54188.09858156028
Mato Grosso,2020,Algodão,3638.329572349119,54188.09858156028
Mato Grosso,2021,Soja,9067.022366690078,74900.3615602837
Mato Grosso,2021,Milho,1117.0173115966245,74900.3615602837
Mato Grosso,2021,Algodão,1769.5767776902128,74900.3615602837
Goiás,2010,Soja,2870.9762963142457,15908.974065040651
Goiás,2010,Milho,1238.789834864377,15908.974065040651
Goiás,2010,Algodão,2632.918915808176,15908.974065040651
Goiás,2011,Soja,6247.37404872723,17808.881707317076
Goiás,2011,Milho,4792.820955332481,17808.881707317076
Goiás,2011,Algodão,9034.045399692774,17808.881707317076
Goiás,2012,Soja,8356.992055645967,20157.212113821137
Goiás,2012,Milho,4076.356165280884,20157.212113821137
Goiás,2012,Algodão,3334.8109008816323,20157.212113821137
Goiás,2013,Soja,4417.231673505402,21513.07207317073
Goiás,2013,Milho,6312.654482633269,21513.07207317073
Goiás,2013,Algodão,3412.572767405886,21513.07207317073
Goiás,2014,Soja,6617.340170642206,22267.490162601625
Goiás,2014,Milho,4684.704869721164,22267.490162601625
Goiás,2014,Algodão,5968.424627667822,22267.490162601625
Goiás,2015,Soja,4925.13876221785,23930.01402439025
Goiás,2015,Milho,3650.191835877259,23930.01402439025
Goiás,2015,Algodão,9536.07976265941,23930.01402439025
Goiás,2016,Soja,7872.452147437847,26426.97918699187
Goiás,2016,Milho,2261.018581898073,26426.97918699187
Goiás,2016,Algodão,8816.211783081215,26426.97918699187
Goiás,2017,Soja,5386.880784245623,27376.159024390243
Goiás,2017,Milho,9050.970042046823,27376.159024390243
Goiás,2017,Algodão,8198.697303525836,27376.159024390243
Goiás,2018,Soja,4826.921540223101,28260.447642276424
Goiás,2018,Milho,1202.223774881057,28260.447642276424
Goiás,2018,Algodão,3418.0962344645145,28260.447642276424
Goiás,2019,Soja,5874.7079319478025,30053.613089430895
Goiás,2019,Milho,6701.303978435325,30053.613089430895
Goiás,2019,Algodão,3320.9891688988205,30053.613089430895
Goiás,2020,Soja,2254.204666655417,33844.12134146341
Goiás,2020,Milho,8514.372131193692,33844.12134146341
Goiás,2020,Algodão,9859.619626331969,33844.12134146341
Goiás,2021,Soja,5731.211640724173,41435.26918699187
Goiás,2021,Milho,2545.1135726347316,41435.26918699187
Goiás,2021,Algodão,3450.7659386743208,41435.26918699187
Distrito Federal,2010,Soja,1165.5160889272006,56252.9
Distrito Federal,2010,Milho,9228.689259044491,56252.9
Distrito Federal,2010,Algodão,2059.75974601127,56252.9
Distrito Federal,2011,Soja,6188.648279628282,59221.87
Distrito Federal,2011,Milho,3466.496986184854,59221.87
Distrito Federal,2011,Algodão,5987.602022642141,59221.87
Distrito Federal,2012,Soja,6862.783495166778,61959.36
Distrito Federal,2012,Milho,8467.676233364815,61959.36
Distrito Federal,2012,Algodão,2857.791445845429,61959.36
Distrito Federal,2013,Soja,1098.9624579263243,63054.41
Distrito Federal,2013,Milho,2231.9706706192655,63054.41
Distrito Federal,2013,Algodão,9100.167776632949,63054.41
Distrito Federal,2014,Soja,8865.010698062637,69216.8
Distrito Federal,2014,Milho,6376.717919532774,69216.8
Distrito Federal,2014,Algodão,6404.65174390288,69216.8
Distrito Federal,2015,Soja,6985.3300709162995,73970.99
Distrito Federal,2015,Milho,2578.3415076110464,73970.99
Distrito Federal,2015,Algodão,9229.707513324638,73970.99
Distrito Federal,2016,Soja,4768.934724028658,79114.19
Distrito Federal,2016,Milho,4448.246754245477,79114.19
Distrito Federal,2016,Algodão,5670.259347545538,79114.19
Distrito Federal,2017,Soja,1422.6937009754954,80515.47
Distrito Federal,2017,Milho,2496.5503188047146,80515.47
Distrito Federal,2017,Algodão,7642.302547837334,80515.47
Distrito Federal,2018,Soja,1745.1880113261382,85661.39
Distrito Federal,2018,Milho,6428.368985197494,85661.39
Distrito Federal,2018,Algodão,3208.1419871318885,85661.39
Distrito Federal,2019,Soja,4503.660526377789,90742.75
Distrito Federal,2019,Milho,3598.243630936299,90742.75
Distrito Federal,2019,Algodão,4201.054448184542,90742.75
Distrito Federal,2020,Soja,7471.413146658209,87016.16
Distrito Federal,2020,Milho,3674.0954406085752,87016.16
Distrito Federal,2020,Algodão,6097.641762672075,87016.16
Distrito Federal,2021,Soja,5284.453619791897,92732.27
Distrito Federal,2021,Milho,6973.040488263833,92732.27
Distrito Federal,2021,Algodão,9431.467653922822,92732.27
